{"stats":{"minecraft:custom":{"minecraft:jump":102,"minecraft:time_since_rest":62388,"minecraft:leave_game":1,"minecraft:crouch_one_cm":197,"minecraft:play_time":62388,"minecraft:walk_on_water_one_cm":90755,"minecraft:time_since_death":62388,"minecraft:walk_one_cm":62369,"minecraft:sneak_time":2589,"minecraft:total_world_time":78878,"minecraft:walk_under_water_one_cm":688,"minecraft:fly_one_cm":610677},"minecraft:picked_up":{"minecraft:stick":5,"minecraft:oak_sapling":2},"minecraft:used":{"minecraft:quartz_bricks":88,"minecraft:lapis_block":219,"minecraft:torch":5,"minecraft:sponge":128,"minecraft:sea_lantern":2,"minecraft:diamond_block":70,"minecraft:stone":136,"minecraft:smooth_quartz":30,"minecraft:polished_deepslate":73}},"DataVersion":2975}