{"stats":{"minecraft:picked_up":{"opf:opf":13,"minecraft:stick":5,"minecraft:oak_sapling":5},"minecraft:custom":{"minecraft:time_since_rest":151290,"minecraft:crouch_one_cm":619,"minecraft:sprint_one_cm":232,"minecraft:play_time":151290,"minecraft:walk_one_cm":124705,"minecraft:sneak_time":6445,"minecraft:walk_under_water_one_cm":688,"minecraft:jump":326,"minecraft:leave_game":8,"minecraft:walk_on_water_one_cm":90755,"minecraft:time_since_death":151290,"minecraft:total_world_time":192323,"minecraft:fly_one_cm":1031461},"minecraft:used":{"minecraft:calcite":1143,"minecraft:quartz_bricks":92,"minecraft:torch":27,"minecraft:sea_lantern":3,"minecraft:diamond_block":76,"minecraft:polished_deepslate":73,"opf:opf":20,"minecraft:lapis_block":219,"minecraft:oak_sign":14,"minecraft:sponge":128,"minecraft:tinted_glass":70,"minecraft:stone":172,"minecraft:smooth_quartz":56}},"DataVersion":2975}