{"stats":{"minecraft:custom":{"minecraft:time_since_rest":115777,"minecraft:crouch_one_cm":364,"minecraft:sprint_one_cm":232,"minecraft:play_time":115777,"minecraft:walk_one_cm":100249,"minecraft:sneak_time":5258,"minecraft:walk_under_water_one_cm":688,"minecraft:jump":309,"minecraft:leave_game":3,"minecraft:walk_on_water_one_cm":90755,"minecraft:time_since_death":115777,"minecraft:total_world_time":139518,"minecraft:fly_one_cm":857929},"minecraft:used":{"minecraft:calcite":1143,"minecraft:quartz_bricks":92,"minecraft:torch":27,"minecraft:sea_lantern":3,"minecraft:diamond_block":76,"minecraft:polished_deepslate":73,"minecraft:lapis_block":219,"minecraft:oak_sign":2,"minecraft:sponge":128,"minecraft:tinted_glass":70,"minecraft:stone":136,"minecraft:smooth_quartz":56},"minecraft:picked_up":{"minecraft:stick":5,"minecraft:oak_sapling":5}},"DataVersion":2975}