{"stats":{"minecraft:used":{"minecraft:redstone_torch":31,"minecraft:netherite_block":288,"computercraft:cable":12,"minecraft:blaze_spawn_egg":3,"minecraft:lever":3,"minecraft:soul_campfire":2,"minecraft:torch":1,"computercraft:wired_modem":5,"minecraft:repeater":82,"minecraft:redstone_lamp":19,"minecraft:firework_rocket":192,"minecraft:comparator":12,"phireworks:phireworks":19,"computercraft:disk_drive":8,"computercraft:computer_command":8,"minecraft:redstone_ore":4,"minecraft:grass_block":14,"minecraft:redstone":183,"minecraft:campfire":1,"minecraft:soul_torch":2},"minecraft:custom":{"minecraft:time_since_rest":70328,"minecraft:crouch_one_cm":303,"minecraft:sprint_one_cm":15,"minecraft:play_time":70328,"minecraft:walk_one_cm":23627,"minecraft:sneak_time":2196,"minecraft:jump":28,"minecraft:leave_game":9,"minecraft:time_since_death":70328,"minecraft:total_world_time":203251,"minecraft:fly_one_cm":210790},"minecraft:picked_up":{"computercraft:computer_command":1,"minecraft:redstone_torch":1,"computercraft:disk":2,"minecraft:redstone":7}},"DataVersion":2975}